Grapheme	IPA	Class	Status	Comments
j	?	consonant	loan	I think this only appears in Spanish loans
k	k	consonant		
ku	kʷ	consonant		but only before vowels
l	l	consonant		
m	m	consonant		
n	n	consonant		
nt	ⁿd	consonant		
nts	ⁿd͡z	consonant		
nch	ⁿd͡ʒ	consonant		
ñ	ɲ	consonant		
p	p	consonant		
r	ɾ	consonant		
s	s	consonant		
x	ʃ	consonant		not entirely sure, but very likely
t	t	consonant		
ts	t͡s	consonant		
ch	t͡ʃ	consonant		
y	ʒ	consonant		could also be j, no explanation is provided
'	ʔ	consonant		
v	β	consonant		
à	a1	vowel and tone		
àn	ã1	vowel and tone		
ààn	ã1ã1	vowel and tone		
àan	ã1ã3	vowel and tone		
àán	ã1ã5	vowel and tone		
a	a3	vowel and tone		
an	ã3	vowel and tone		
aàn	ã3ã1	vowel and tone		
aan	ã3ã3	vowel and tone		
aán	ã3ã5	vowel and tone		
á	a5	vowel and tone		
án	ã5	vowel and tone		
áàn	ã5ã1	vowel and tone		
áan	ã5ã3	vowel and tone		
áán	ã5ã5	vowel and tone		
è	e1	vowel and tone		
èn	ẽ1	vowel and tone		
èèn	ẽ1ẽ1	vowel and tone		
èen	ẽ1ẽ3	vowel and tone		
èén	ẽ1ẽ5	vowel and tone		
e	e3	vowel and tone		
en	ẽ3	vowel and tone		
eèn	ẽ3ẽ1	vowel and tone		
een	ẽ3ẽ3	vowel and tone		
eén	ẽ3ẽ5	vowel and tone		
é	e5	vowel and tone		
én	ẽ5	vowel and tone		
éèn	ẽ5ẽ1	vowel and tone		
éen	ẽ5ẽ3	vowel and tone		
één	ẽ5ẽ5	vowel and tone		
ì	i1	vowel and tone		
ìn	ĩ1	vowel and tone		
ììn	ĩ1ĩ1	vowel and tone		
ìin	ĩ1ĩ3	vowel and tone		
ìín	ĩ1ĩ5	vowel and tone		
i	i3	vowel and tone		
in	ĩ3	vowel and tone		
iìn	ĩ3ĩ1	vowel and tone		
iin	ĩ3ĩ3	vowel and tone		
iín	ĩ3ĩ5	vowel and tone		
í	i5	vowel and tone		
ín	ĩ5	vowel and tone		
íìn	ĩ5ĩ1	vowel and tone		
íin	ĩ5ĩ3	vowel and tone		
íín	ĩ5ĩ5	vowel and tone		
ò	o1	vowel and tone		
ùn	õ1	vowel and tone		
òòn	õ1õ1	vowel and tone		
òon	õ1õ3	vowel and tone		
òón	õ1õ5	vowel and tone		
o	o3	vowel and tone		
un	õ3	vowel and tone		
oòn	õ3õ1	vowel and tone		
oon	õ3õ3	vowel and tone		
oón	õ3õ5	vowel and tone		
ó	o5	vowel and tone		
ón	õ5	vowel and tone		
óòn	õ5õ1	vowel and tone		
óon	õ5õ3	vowel and tone		
óón	õ5õ5	vowel and tone		
ù	u1	vowel and tone		
òn	ũ1	vowel and tone		
ùùn	ũ1ũ1	vowel and tone		
ùun	ũ1ũ3	vowel and tone		
ùún	ũ1ũ5	vowel and tone		
u	u3	vowel and tone		
on	ũ3	vowel and tone		
uùn	ũ3ũ1	vowel and tone		
uun	ũ3ũ3	vowel and tone		
uún	ũ3ũ5	vowel and tone		
ú	u5	vowel and tone		
ún	ũ5	vowel and tone		
úùn	ũ5ũ1	vowel and tone		
úun	ũ5ũ3	vowel and tone		
úún	ũ5ũ5	vowel and tone		
